My boy is 5 years old. which horlicks would you suggest,ageGroup
My kid is 1 years old which junior Horlicks should I give,ageGroup
My kid is 9.5 years old. which horlicks would you suggest8,ageGroup
My kid age is 2.5 years old which junior Horlicks should I give,ageGroup
3,ageGroup
Age,ageGroup
2 years,ageGroup
My kid is 5.5 years old. which horlicks would you suggest8,ageGroup
what is agegroup for junior Horlicks,ageGroup
aeg,ageGroup
Is discount available,Discount
what % of discount is available on 1 kg,Discount
what % of discount is available on small size,Discount
is there any discount on medium size,Discount
that's all,done
Thank you,done
kalpitav@gmail.com,done
343-221-3435,done
Contact: 123-456-7890,done
yes,done
feedback,done
1234567890,done
its smell,done
Expiry date,ExpiryPeriod
what is expiry period for junior Horlicks,ExpiryPeriod
how long junior horlicks lasts,ExpiryPeriod
feedback please,feedback
yes,feedback
sure,feedback
lsdkfjsldf,feedback
lkjsdflskf,feedback
i have no message,feedback
mark,feedback
i want skoda car,feedback
Nitu,feedback
123123123123,feedback
abhi@www.com,feedback
123123123456,feedback
123456789012,feedback
I want Mango flavour,flavour
Vanilla flavour,flavour
flavor,flavour
what option are there,flavour
what flavours are there,flavour
flavour,flavour
what flavour are available,flavour
what flavour are there,flavour
I want kesar badam flavour junior horlicks,flavour
Hey,Greetings
Gm,Greetings
Welcome,Greetings
Hello,Greetings
Hi,Greetings
my name is Kalpita,Greetings
Good night,Greetings
bye,Greetings
Good orning,Greetings
can you help me,Greetings
What do you mean by choline,HorlicksScience
what is DHA,HorlicksScience
how Choline in useful for my child's develpoment,HorlicksScience
what is Choline,HorlicksScience
How DHA is good for my child,HorlicksScience
Acidity Regulator,HorlicksScience
what are Acidity regulators,HorlicksScience
what do you mean by DHA,HorlicksScience
what Horlicks increases immunity,HorlicksScience
what Chocline,HorlicksScience
Junior Horlicks contains,ingredients
junior Horlicks is compose of,ingredients
contents in junior Horlicks,ingredients
ingredients,ingredients
what are ingredients of junior Horlicks,ingredients
What are contents of junior horlicks stage 2?,ingredients
What is calcium content in junior horlicks,ingredients
what is % of calcium,ingredients
How much junior horlicks comes in 1 serve,ingredients
calium  in junior horlicks,ingredients
prtien in junior horlicks,ingredients
how many drinks are available in junior horlicks,ingredients
colors,ingredients
what is Horlicks,JuniorHorlicks
what consists of healthy diet for my kid,JuniorHorlicks
Can you help me with some healthy snacks,JuniorHorlicks
My kid refuses to eat anything,JuniorHorlicks
i want to know about junior Horlicks,JuniorHorlicks
We are Vegetarian how can we get all nutrients,JuniorHorlicks
How Calcium affects child's weight,JuniorHorlicks
Why breakfast is important meal of the day,JuniorHorlicks
My family is vegetarian. How can I provide foods to meet my child's growth needs?,JuniorHorlicks
My family is vegetarian.,JuniorHorlicks
How Calcium and weight gain associated,JuniorHorlicks
junoir,JuniorHorlicks
horlciks,JuniorHorlicks
junior horlcks,JuniorHorlicks
isues,JuniorHorlicks
vegetrian,JuniorHorlicks
horklcis,JuniorHorlicks
We are vegeterian. How my kid would get proper nutrients,JuniorHorlicks
We are vegeterian.,JuniorHorlicks
My kid is fuzzy eater.How can i ensure for proper nutrients,JuniorHorlicks
I want junior Horlicks,Order
What you want to order,Order
I want Horlicks,Order
i want junoir horlick,Order
price for small size chocolate flavour junior horlicks,price
price for medium size,price
price for small size,price
what is price for small size,price
what is price for large size junior Horlicks,price
price,price
what is price for medium,price
price for medium junior horlicks,price
medium size,price
what is price of 1 kg Horlicks,price
can I know price for medium junior horlicks,price
adverse effects,Side_effects
what is adverse impact of junior Horlicks,Side_effects
side effects,Side_effects
I love Boost,Side_effects
size,Size
I want small size,Size
what size are available,Size
what are my options for Flavour,Size
what are my options,Size
Chocolate,Size
I want chocolate flavour,Size
chocolate flavour,Size
what are the size,Size
what size is available,Size
Medium size for me,Size
I want medium size Horlicks,Size
I want small size Horlicks,Size
medium junior horlicks,Size
what flavours are available,Size
I want small size junior horlicks,Size
Original,Size
what flavours are available in junior Horlicks,Size
kesar badam,Size
choclate,Size
what size are there,Size
i want to know about size,Size
i want to know about flavour,Size
what flavrs,Size
flavours,Size
flvours,Size
flavr,Size
I want orignal,Size
